DMC Code,Color Name,HEX,R,G,B,C,M,Y,K
B5200,Snow White,#FAFAFF,250,250,255,2,2,0,0
BLANC,White,#FCFCFC,252,252,252,0,0,0,1.2
ECRU,Ecru,#EDDEC4,237,222,196,0,6.3,17.3,7.1
01,White Tin,#C5C5C5,197,197,197,0,0,0,22.7
02,Tin,#ABABAB,171,171,171,0,0,0,32.9
03,Medium Tin,#908F90,144,143,144,0,0.7,0,43.5
04,Dark Tin,#676464,103,100,100,0,2.9,2.9,59.6
05,Light Driftwood,#BBAFA5,187,175,165,0,6.4,11.8,26.7
06,Medium Light Driftwood,#B4A293,180,162,147,0,10,18.3,29.4
07,Driftwood,#746256,116,98,86,0,15.5,25.9,54.5
08,Dark Driftwood,#695B50,105,91,80,0,13.3,23.8,58.8
09,Very Dark Cocoa,#483837,72,56,55,0,22.2,23.6,71.8
10,Very Light Tender Green,#CECEB8,206,206,184,0,0,10.7,19.2
11,Light Tender Green,#E0DC84,224,220,132,0,1.8,41.1,12.2
12,Tender Green,#CFC662,207,198,98,0,4.3,52.7,18.8
13,Medium Light Nile Green,#98C29C,152,194,156,21.6,0,19.6,23.9
14,Pale Apple Green,#CED194,206,209,148,1.4,0,29.2,18
15,Apple Green,#CDD684,205,214,132,4.2,0,38.3,16.1
16,Light Chartreuse,#B0B56A,176,181,106,2.8,0,41.4,29
17,Light Yellow Plum,#D5C551,213,197,81,0,7.5,62,16.5
18,Yellow Plum,#D9BF4A,217,191,74,0,12,65.9,14.9
19,Medium Light Autumn Gold,#CC9C52,204,156,82,0,23.5,59.8,20
20,Shrimp,#F7D1B3,247,209,179,0,15.4,27.5,3.1
21,Light Alizarin,#C0614D,192,97,77,0,49.5,59.9,24.7
22,Alizarin,#922A29,146,42,41,0,71.2,71.9,42.7
23,Apple Blossom,#E8DADF,232,218,223,0,6,3.9,9
24,White Lavender,#E0D9E4,224,217,228,1.8,4.8,0,10.6
25,Ultra Light Lavender,#D0CADB,208,202,219,5,7.8,0,14.1
26,Pale Lavender,#BBB0D1,187,176,209,10.5,15.8,0,18
27,White Violet,#D9D4D8,217,212,216,0,2.3,0.5,14.9
28,Medium Light Eggplant,#8178A0,129,120,160,19.4,25,0,37.3
29,Eggplant,#493C5E,73,60,94,22.3,36.2,0,63.1
30,Medium Light Blueberry,#8A89B0,138,137,176,21.6,22.2,0,31
31,Blueberry,#65629D,101,98,157,35.7,37.6,0,38.4
32,Dark Blueberry,#565385,86,83,133,35.3,37.6,0,47.8
33,Fuchsia,#884B8E,136,75,142,4.2,47.2,0,44.3
34,Dark Fuchsia,#7A3070,122,48,112,0,60.7,8.2,52.2
35,Very Dark Fuchsia,#58274B,88,39,75,0,55.7,14.8,65.5
150,Dusty Rose ultra very dark,#911238,145,18,56,0,87.6,61.4,43.1
151,Dusty Rose very light,#F2A8BA,242,168,186,0,30.6,23.1,5.1
152,Shell Pink medium light,#CC8285,204,130,133,0,36.3,34.8,20
153,Violet very light,#D19EC4,209,158,196,0,24.4,6.2,18
154,Grape very dark,#38172B,56,23,43,0,58.9,23.2,78
155,Blue Violet medium dark,#7665AB,118,101,171,31,40.9,0,32.9
156,Blue Violet medium light,#737DB3,115,125,179,35.8,30.2,0,29.8
157,Cornflower Blue very light,#95ABCA,149,171,202,26.2,15.3,0,20.8
158,Cornflower Blue medium,#303065,48,48,101,52.5,52.5,0,60.4
159,Grey Blue light,#97A6C5,151,166,197,23.4,15.7,0,22.7
160,Grey Blue medium,#66759C,102,117,156,34.6,25,0,38.8
161,Grey Blue,#4F5C85,79,92,133,40.6,30.8,0,47.8
162,Blue ultra very light,#A2C1D0,162,193,208,22.1,7.2,0,18.4
163,Celadon Green medium,#44715B,68,113,91,39.8,0,19.5,55.7
164,Forest Green light,#87BF78,135,191,120,29.3,0,37.2,25.1
165,Moss Green very light,#CDC965,205,201,101,0,2,50.7,19.6
166,Moss Green medium light,#A19F20,161,159,32,0,1.2,80.1,36.9
167,Yellow Beige very dark,#8D643A,141,100,58,0,29.1,58.9,44.7
168,Pewter very light,#ABB3B7,171,179,183,6.6,2.2,0,28.2
169,Pewter light,#707A7A,112,122,122,8.2,0,0,52.2
208,Lavender very dark,#824596,130,69,150,13.3,54,0,41.2
209,Lavender dark,#A66CB3,166,108,179,7.3,39.7,0,29.8
210,Lavender medium,#BE91CD,190,145,205,7.3,29.3,0,19.6
211,Lavender light,#D6B5E3,214,181,227,5.7,20.3,0,11
221,Shell Pink very dark,#6D2329,109,35,41,0,67.9,62.4,57.3
223,Shell Pink light,#B35C65,179,92,101,0,48.6,43.6,29.8
224,Shell Pink very light,#D48F8B,212,143,139,0,32.5,34.4,16.9
225,Shell Pink ultra very light,#F5C4BD,245,196,189,0,20,22.9,3.9
300,Mahogany very dark,#632E20,99,46,32,0,53.5,67.7,61.2
301,Mahogany medium,#994725,153,71,37,0,53.6,75.8,40
304,Christmas Red medium,#9A0029,154,0,41,0,100,73.4,39.6
307,Lemon,#FBDE18,251,222,24,0,11.6,90.4,1.6
309,Rose deep,#AD203E,173,32,62,0,81.5,64.2,32.2
310,Black,#0C0C0C,12,12,12,0,0,0,95.3
311,Navy Blue medium,#203050,32,48,80,60,40,0,68.6
312,Navy Blue light,#23426F,35,66,111,68.5,40.5,0,56.5
315,Antique Mauve dark,#6F3842,111,56,66,0,49.5,40.5,56.5
316,Antique Mauve medium,#AF6A7F,175,106,127,0,39.4,27.4,31.4
317,Pewter Grey,#4F5460,79,84,96,17.7,12.5,0,62.4
318,Steel Grey light,#808796,128,135,150,14.7,10,0,41.2
319,Pistachio Green very dark,#25402C,37,64,44,42.2,0,31.2,74.9
320,Pistachio Green medium,#5A7F5A,90,127,90,29.1,0,29.1,50.2
321,Christmas Red,#AC0025,172,0,37,0,100,78.5,32.5
322,Baby Blue dark,#40669B,64,102,155,58.7,34.2,0,39.2
326,Rose very deep,#A61238,166,18,56,0,89.2,66.3,34.9
327,Violet,#5E2E5E,94,46,94,0,51.1,0,63.1
333,Blue Violet very dark,#4F3687,79,54,135,41.5,60,0,47.1
334,Baby Blue medium,#4A75A6,74,117,166,55.4,29.5,0,34.9
335,Rose,#D44464,212,68,100,0,67.9,52.8,16.9
336,Navy Blue,#202C4F,32,44,79,59.5,44.3,0,69
340,Blue Violet medium,#7C76BE,124,118,190,34.7,37.9,0,25.5
341,Blue Violet light,#929ECB,146,158,203,28.1,22.2,0,20.4
347,Salmon very dark,#A62030,166,32,48,0,80.7,71.1,34.9
349,Coral dark,#BD1C29,189,28,41,0,85.2,78.3,25.9
350,Coral medium,#D43434,212,52,52,0,75.5,75.5,16.9
351,Coral,#E04D46,224,77,70,0,65.6,68.8,12.2
352,Coral light,#F27365,242,115,101,0,52.5,58.3,5.1
353,Peach,#FEA693,254,166,147,0,34.6,42.1,0.4
355,Terra Cotta dark,#882E2C,136,46,44,0,66.2,67.6,46.7
356,Terra Cotta medium,#AD4F45,173,79,69,0,54.3,60.1,32.2
367,Pistachio Green dark,#406647,64,102,71,37.3,0,30.4,60
368,Pistachio Green light,#7BA476,123,164,118,25,0,28,35.7
369,Pistachio Green very light,#C1D49D,193,212,157,9,0,25.9,16.9
370,Mustard medium,#826E3D,130,110,61,0,15.4,53.1,49
371,Mustard,#8F7A47,143,122,71,0,14.7,50.3,43.9
372,Mustard light,#A39361,163,147,97,0,9.8,40.5,36.1
400,Mahogany dark,#753321,117,51,33,0,56.4,71.8,54.1
402,Mahogany very light,#E8895B,232,137,91,0,40.9,60.8,9
407,Clay Brown (3773),#B17260,177,114,96,0,35.6,45.8,30.6
413,Pewter Grey dark,#3D4247,61,66,71,14.1,7,0,72.2
414,Steel Grey dark,#646B78,100,107,120,16.7,10.8,0,52.9
415,Pearl Grey,#9FA6B1,159,166,177,10.2,6.2,0,30.6
420,Hazelnut Brown dark,#8E6034,142,96,52,0,32.4,63.4,44.3
422,Hazelnut Brown light,#BC935B,188,147,91,0,21.8,51.6,26.3
433,Brown medium,#643823,100,56,35,0,44,65,60.8
434,Brown light,#804625,128,70,37,0,45.3,71.1,49.8
435,Brown very light,#A36134,163,97,52,0,40.5,68.1,36.1
436,Tan,#B97C4A,185,124,74,0,33,60,27.5
437,Tan light,#D19C6A,209,156,106,0,25.4,49.3,18
444,Lemon dark,#F0B900,240,185,0,0,22.9,100,5.9
445,Lemon light,#F7F57A,247,245,122,0,0.8,50.6,3.1
451,Shell Grey dark,#7A6C6C,122,108,108,0,11.5,11.5,52.2
452,Shell Grey medium,#9F8B8B,159,139,139,0,12.6,12.6,37.6
453,Shell Grey light,#BFADA6,191,173,166,0,9.4,13.1,25.1
469,Avocado Green,#575F23,87,95,35,8.4,0,63.2,62.7
470,Avocado Green light,#6A7830,106,120,48,11.7,0,60,52.9
471,Avocado Green very light,#8D9D54,141,157,84,10.2,0,46.5,38.4
472,Avocado Green ultra light,#BBBB60,187,187,96,0,0,48.7,26.7
498,Christmas Red dark,#880025,136,0,37,0,100,72.8,46.7
500,Blue Green very dark,#253D36,37,61,54,39.3,0,11.5,76.1
501,Blue Green dark,#36544A,54,84,74,35.7,0,11.9,67.1
502,Blue Green,#547565,84,117,101,28.2,0,13.7,54.1
503,Blue Green medium,#839C8B,131,156,139,16,0,10.9,38.8
505,Jade Green,#2C6142,44,97,66,54.6,0,32,62
517,Wedgewood dark,#236391,35,99,145,75.9,31.7,0,43.1
518,Wedgewood light,#3D84A4,61,132,164,62.8,19.5,0,35.7
519,Sky Blue,#78B1C8,120,177,200,40,11.5,0,21.6
520,Fern Green dark,#3A4734,58,71,52,18.3,0,26.8,72.2
522,Fern Green,#727D5F,114,125,95,8.8,0,24,51
523,Fern Green light,#8E9773,142,151,115,6,0,23.8,40.8
524,Fern Green very light,#9AA284,154,162,132,4.9,0,18.5,36.5
535,Ash Grey very light,#4B4B46,75,75,70,0,0,6.7,70.6
543,Beige Brown ultra very light,#E5C7AD,229,199,173,0,13.1,24.5,10.2
550,Violet very dark,#47184B,71,24,75,5.3,68,0,70.6
552,Violet medium,#7B3881,123,56,129,4.7,56.6,0,49.4
553,Violet,#924F92,146,79,146,0,45.9,0,42.7
554,Violet light,#C48BC3,196,139,195,0,29.1,0.5,23.1
561,Jade very dark,#295544,41,85,68,51.8,0,20,66.7
562,Jade medium,#3A7C5A,58,124,90,53.2,0,27.4,51.4
563,Jade light,#6DB18C,109,177,140,38.4,0,20.9,30.6
564,Jade very light,#8BC9A3,139,201,163,30.8,0,18.9,21.2
580,Moss Green dark,#5C5F20,92,95,32,3.2,0,66.3,62.7
581,Moss Green,#797B29,121,123,41,1.6,0,66.7,51.8
597,Turquoise,#4D929F,77,146,159,51.6,8.2,0,37.6
598,Turquoise light,#7AB2B5,122,178,181,32.6,1.7,0,29
600,Cranberry very dark,#AF0047,175,0,71,0,100,59.4,31.4
601,Cranberry dark,#C61B57,198,27,87,0,86.4,56.1,22.4
602,Cranberry medium,#D7306D,215,48,109,0,77.7,49.3,15.7
603,Cranberry,#E94F8C,233,79,140,0,66.1,39.9,8.6
604,Cranberry light,#F67AAD,246,122,173,0,50.4,29.7,3.5
605,Cranberry very light,#FE98C1,254,152,193,0,40.2,24,0.4
606,Burnt Orange-Red,#E81820,232,24,32,0,89.7,86.2,9
608,Burnt Orange,#FF4225,255,66,37,0,74.1,85.5,0
610,Drab Brown dark,#604A30,96,74,48,0,22.9,50,62.4
611,Drab Brown,#705A3D,112,90,61,0,19.6,45.5,56.1
612,Drab Brown light,#99815A,153,129,90,0,15.7,41.2,40
613,Drab Brown very light,#AC966D,172,150,109,0,12.8,36.6,32.5
632,Desert Sand ultra very dark,#723D34,114,61,52,0,46.5,54.4,55.3
640,Beige Grey very dark,#72644F,114,100,79,0,12.3,30.7,55.3
642,Beige Grey dark,#8C7D63,140,125,99,0,10.7,29.3,45.1
644,Beige Grey medium,#BAB094,186,176,148,0,5.4,20.4,27.1
645,Beaver Grey very dark,#4E5847,78,88,71,11.4,0,19.3,65.5
646,Beaver Grey dark,#696359,105,99,89,0,5.7,15.2,58.8
647,Beaver Grey medium,#7D7B70,125,123,112,0,1.6,10.4,51
648,Beaver Grey light,#98988B,152,152,139,0,0,8.6,40.4
666,Christmas Red bright,#C90023,201,0,35,0,100,82.6,21.2
676,Old Gold light,#E6B469,230,180,105,0,21.7,54.3,9.8
677,Old Gold very light,#EACF8E,234,207,142,0,11.5,39.3,8.2
680,Old Gold dark,#A67334,166,115,52,0,30.7,68.7,34.9
699,Christmas Green,#005F3D,0,95,61,100,0,35.8,62.7
700,Christmas Green bright,#00703E,0,112,62,100,0,44.6,56.1
701,Christmas Green light,#0D7338,13,115,56,88.7,0,51.3,54.9
702,Kelly Green,#34853E,52,133,62,60.9,0,53.4,47.8
703,Chartreuse,#60A746,96,167,70,42.5,0,58.1,34.5
704,Chartreuse bright,#78AD44,120,173,68,30.6,0,60.7,32.2
712,Cream,#F3E8D2,243,232,210,0,4.5,13.6,4.7
718,Plum,#A7206F,167,32,111,0,80.8,33.5,34.5
720,Orange Spice dark,#D2421B,210,66,27,0,68.6,87.1,17.6
721,Orange Spice medium,#F25C2C,242,92,44,0,62,81.8,5.1
722,Orange Spice light,#FF824A,255,130,74,0,49,71,0
725,Topaz,#FCBA40,252,186,64,0,26.2,74.6,1.2
726,Topaz light,#FFD447,255,212,71,0,16.9,72.2,0
727,Topaz very light,#FFE471,255,228,113,0,10.6,55.7,0
728,Golden Yellow,#EFAD3D,239,173,61,0,27.6,74.5,6.3
729,Old Gold medium,#C28940,194,137,64,0,29.4,67,23.9
730,Olive Green very dark,#574D20,87,77,32,0,11.5,63.2,65.9
732,Olive Green (731),#695C20,105,92,32,0,12.4,69.5,58.8
733,Olive Green medium,#988630,152,134,48,0,11.8,68.4,40.4
734,Olive Green light,#B09D47,176,157,71,0,10.8,59.7,31
738,Tan very light,#D5A978,213,169,120,0,20.7,43.7,16.5
739,Tan ultra very light,#EDCDA6,237,205,166,0,13.5,30,7.1
740,Tangerine (971),#FF6C1B,255,108,27,0,57.6,89.4,0
741,Tangerine medium,#FF8820,255,136,32,0,46.7,87.5,0
742,Tangerine light,#FFA523,255,165,35,0,35.3,86.3,0
743,Yellow medium,#FFC847,255,200,71,0,21.6,72.2,0
744,Yellow pale,#FFDE7A,255,222,122,0,12.9,52.2,0
745,Yellow light pale,#FFDF89,255,223,137,0,12.5,46.3,0
746,Off White,#FAF1C7,250,241,199,0,3.6,20.4,2
747,Sky Blue very light,#ADDBE1,173,219,225,23.1,2.7,0,11.8
754,Peach light,#F4B096,244,176,150,0,27.9,38.5,4.3
758,Terra Cotta very light,#DB917A,219,145,122,0,33.8,44.3,14.1
760,Salmon,#E5787F,229,120,127,0,47.6,44.5,10.2
761,Salmon light,#F5A3A8,245,163,168,0,33.5,31.4,3.9
762,Pearl Grey very light,#C4C5CE,196,197,206,4.9,4.4,0,19.2
772,Yellow Green very light,#C2DA97,194,218,151,11,0,30.7,14.5
775,Baby Blue very light,#B4CFDB,180,207,219,17.8,5.5,0,14.1
777,Raspberry very dark,#780D2C,120,13,44,0,89.2,63.3,52.9
778,Antique Mauve very light,#C9949E,201,148,158,0,26.4,21.4,21.2
779,Cocoa dark,#543836,84,56,54,0,33.3,35.7,67.1
780,Topaz ultra very dark,#8C4A23,140,74,35,0,47.1,75,45.1
782,Topaz dark (781),#AC6520,172,101,32,0,41.3,81.4,32.5
783,Topaz medium,#D0842C,208,132,44,0,36.5,78.8,18.4
791,Cornflower Blue very dark,#2E2960,46,41,96,52.1,57.3,0,62.4
792,Cornflower Blue dark,#3A3E82,58,62,130,55.4,52.3,0,49
793,Cornflower Blue medium,#546497,84,100,151,44.4,33.8,0,40.8
794,Cornflower Blue light,#708AB8,112,138,184,39.1,25,0,27.8
796,Royal Blue dark,#242B70,36,43,112,67.9,61.6,0,56.1
797,Royal Blue,#293A7C,41,58,124,66.9,53.2,0,51.4
798,Delft Blue dark,#3D5FA3,61,95,163,62.6,41.7,0,36.1
799,Delft Blue medium,#537BB5,83,123,181,54.1,32,0,29
800,Delft Blue pale,#8EB2D4,142,178,212,33,16,0,16.9
801,Coffee Brown dark,#573324,87,51,36,0,41.4,58.6,65.9
803,Baby Blue ultra very dark,#203660,32,54,96,66.7,43.7,0,62.4
807,Peacock Blue dark,#6D9DC7,109,157,199,45.2,21.1,0,22
809,Delft Blue,#5C92BB,92,146,187,50.8,21.9,0,26.7
813,Blue light,#95B2C9,149,178,201,25.9,11.4,0,21.2
814,Garnet dark,#5B1325,91,19,37,0,79.1,59.3,64.3
815,Garnet medium,#700D23,112,13,35,0,88.4,68.8,56.1
816,Garnet,#89132C,137,19,44,0,86.1,67.9,46.3
817,Coral Red very dark,#A60D1B,166,13,27,0,92.2,83.7,34.9
818,Baby Pink,#FFD0D2,255,208,210,0,18.4,17.6,0
819,Baby Pink light,#FFDEDA,255,222,218,0,12.9,14.5,0
820,Royal Blue very dark,#202063,32,32,99,67.7,67.7,0,61.2
822,Beige Grey light,#E0D6BA,224,214,186,0,4.5,17,12.2
823,Navy Blue dark,#20233A,32,35,58,44.8,39.7,0,77.3
824,Blue very dark,#1B3E71,27,62,113,76.1,45.1,0,55.7
825,Blue dark,#1B4F86,27,79,134,79.9,41,0,47.5
826,Blue medium,#306BA1,48,107,161,70.2,33.5,0,36.9
827,Blue very light,#87B4D0,135,180,208,35.1,13.5,0,18.4
828,Blue ultra very light,#A6C9D4,166,201,212,21.7,5.2,0,16.9
829,Golden Olive very dark,#5F4220,95,66,32,0,30.5,66.3,62.7
830,Golden Olive dark,#694B23,105,75,35,0,28.6,66.7,58.8
831,Golden Olive medium,#785C25,120,92,37,0,23.3,69.2,52.9
832,Golden Olive,#9A762C,154,118,44,0,23.4,71.4,39.6
833,Golden Olive light,#B08D3E,176,141,62,0,19.9,64.8,31
834,Golden Olive very light,#C7A550,199,165,80,0,17.1,59.8,22
838,Beige Brown very dark,#453029,69,48,41,0,30.4,40.6,72.9
839,Beige Brown dark,#553D34,85,61,52,0,28.2,38.8,66.7
840,Beige Brown medium,#7F5C4A,127,92,74,0,27.6,41.7,50.2
841,Beige Brown light,#9B7863,155,120,99,0,22.6,36.1,39.2
842,Beige Brown very light,#BF9F87,191,159,135,0,16.8,29.3,25.1
844,Beaver Grey ultra dark,#3D3D36,61,61,54,0,0,11.5,76.1
869,Hazelnut Brown very dark,#704725,112,71,37,0,36.6,67,56.1
890,Pistachio Green ultra dark,#1B3623,27,54,35,50,0,35.2,78.8
891,Carnation dark,#EF2C46,239,44,70,0,81.6,70.7,6.3
892,Carnation medium,#F43853,244,56,83,0,77,66,4.3
893,Carnation light,#FB4D6D,251,77,109,0,69.3,56.6,1.6
894,Carnation very light,#FF7C9A,255,124,154,0,51.4,39.6,0
895,Hunter Green very dark,#253D25,37,61,37,39.3,0,39.3,76.1
898,Coffee Brown very dark,#4A2E23,74,46,35,0,37.8,52.7,71
899,Rose medium,#EB6682,235,102,130,0,56.6,44.7,7.8
900,Burnt Orange dark,#C63423,198,52,35,0,73.7,82.3,22.4
902,Garnet very dark,#5B202E,91,32,46,0,64.8,49.5,64.3
904,Parrot Green very dark,#345F25,52,95,37,45.3,0,61.1,62.7
905,Parrot Green dark,#3D7123,61,113,35,46,0,69,55.7
906,Parrot Green medium,#5A8B23,90,139,35,35.3,0,74.8,45.5
907,Parrot Green light,#87A623,135,166,35,18.7,0,78.9,34.9
909,Emerald Green very dark,#006540,0,101,64,100,0,36.6,60.4
910,Emerald Green dark,#007A4B,0,122,75,100,0,38.5,52.2
911,Emerald Green medium,#008853,0,136,83,100,0,39,46.7
912,Emerald Green light,#309C66,48,156,102,69.2,0,34.6,38.8
913,Nile Green medium,#4DAF78,77,175,120,56,0,31.4,31.4
915,Plum dark,#76003D,118,0,61,0,100,48.3,53.7
917,Plum medium,#911B5B,145,27,91,0,81.4,37.2,43.1
918,Red Copper dark,#7B2E23,123,46,35,0,62.6,71.5,51.8
919,Red Copper,#912920,145,41,32,0,71.7,77.9,43.1
920,Copper medium,#A43D25,164,61,37,0,62.8,77.4,35.7
921,Copper,#BC4D2E,188,77,46,0,59,75.5,26.3
922,Copper light,#D7633A,215,99,58,0,54,73,15.7
924,Grey Green very dark,#294247,41,66,71,42.3,7,0,72.2
926,Grey Green medium,#617878,97,120,120,19.2,0,0,52.9
927,Grey Green light,#889A97,136,154,151,11.7,0,1.9,39.6
928,Grey Green very light,#ABB5B1,171,181,177,5.5,0,2.2,29
930,Antique Blue dark,#30465A,48,70,90,46.7,22.2,0,64.7
931,Antique Blue medium,#536A82,83,106,130,36.2,18.5,0,49
932,Antique Blue light,#758FA6,117,143,166,29.5,13.9,0,34.9
934,Black Avocado Green,#2E3425,46,52,37,11.5,0,28.8,79.6
935,Avocado Green dark,#363D2C,54,61,44,11.5,0,27.9,76.1
936,Avocado Green very dark,#424423,66,68,35,2.9,0,48.5,73.3
937,Avocado Green medium,#465429,70,84,41,16.7,0,51.2,67.1
938,Coffee Brown ultra dark,#3D2923,61,41,35,0,32.8,42.6,76.1
939,Navy Blue very dark,#1B1B2C,27,27,44,38.6,38.6,0,82.7
943,Aquamarine medium,#008F79,0,143,121,100,0,15.4,43.9
945,Tawny medium,#EEB28F,238,178,143,0,25.2,39.9,6.7
946,Burnt Orange medium,#F53D1C,245,61,28,0,75.1,88.6,3.9
947,Burnt Orange,#FF4A1B,255,74,27,0,71,89.4,0
948,Peach very light,#FDD5C1,253,213,193,0,15.8,23.7,0.8
950,Desert Sand light,#DFAC93,223,172,147,0,22.9,34.1,12.5
951,Tawny light,#F7CEA9,247,206,169,0,16.6,31.6,3.1
954,Nile Green,#6CBE87,108,190,135,43.2,0,28.9,25.5
955,Nile Green light,#97DCA8,151,220,168,31.4,0,23.6,13.7
956,Geranium,#F94472,249,68,114,0,72.7,54.2,2.4
957,Geranium pale,#FF7CA2,255,124,162,0,51.4,36.5,0
958,Sea Green dark,#009887,0,152,135,100,0,11.2,40.4
959,Sea Green medium,#30AD9D,48,173,157,72.3,0,9.2,32.2
961,Dusty Rose dark,#D94B6F,217,75,111,0,65.4,48.8,14.9
962,Dusty Rose medium,#E46486,228,100,134,0,56.1,41.2,10.6
963,Dusty Rose ultra very light,#FFBAC4,255,186,196,0,27.1,23.1,0
964,Sea Green light,#75CDC1,117,205,193,42.9,0,5.9,19.6
966,Baby Green medium,#8DBF8E,141,191,142,26.2,0,25.7,25.1
967,Apricot very light,#FFBEA9,255,190,169,0,25.5,33.7,0
970,Pumpkin light,#FF6624,255,102,36,0,60,85.9,0
972,Canary deep,#FFA400,255,164,0,0,35.7,100,0
973,Canary bright,#FFCF00,255,207,0,0,18.8,100,0
975,Golden Brown dark,#793A20,121,58,32,0,52.1,73.6,52.5
976,Golden Brown medium,#C46A2C,196,106,44,0,45.9,77.6,23.1
977,Golden Brown light,#E6833D,230,131,61,0,43,73.5,9.8
986,Forest Green very dark,#25502C,37,80,44,53.7,0,45,68.6
987,Forest Green dark,#42663A,66,102,58,35.3,0,43.1,60
988,Forest Green medium,#5A8044,90,128,68,29.7,0,46.9,49.8
989,Forest Green,#6C9254,108,146,84,26,0,42.5,42.7
991,Aquamarine dark,#0D5850,13,88,80,85.2,0,9.1,65.5
992,Aquamarine medium,#369380,54,147,128,63.3,0,12.9,42.4
993,Aquamarine light,#55AB90,85,171,144,50.3,0,15.8,32.9
995,Electric Blue dark,#006FBC,0,111,188,100,41,0,26.3
996,Electric Blue medium,#0097E1,0,151,225,100,32.9,0,11.8
3011,Khaki Green dark,#5C5830,92,88,48,0,4.3,47.8,63.9
3012,Khaki Green medium,#7D7340,125,115,64,0,8,48.8,51
3013,Khaki Green light,#A39F6A,163,159,106,0,2.5,35,36.1
3021,Brown Grey very dark,#46382E,70,56,46,0,20,34.3,72.5
3022,Brown Grey medium,#73725F,115,114,95,0,0.9,17.4,54.9
3023,Brown Grey light,#938D76,147,141,118,0,4.1,19.7,42.4
3024,Brown Grey very light,#B9B09F,185,176,159,0,4.9,14.1,27.5
3031,Mocha Brown very dark,#422E25,66,46,37,0,30.3,43.9,74.1
3032,Mocha Brown medium,#968669,150,134,105,0,10.7,30,41.2
3033,Mocha Brown very light,#D2BDA6,210,189,166,0,10,21,17.6
3041,Antique Violet medium,#725465,114,84,101,0,26.3,11.4,55.3
3042,Antique Violet light,#967C8D,150,124,141,0,17.3,6,41.2
3045,Yellow Beige dark,#9F7646,159,118,70,0,25.8,56,37.6
3046,Yellow Beige medium,#C5A966,197,169,102,0,14.2,48.2,22.7
3047,Yellow Beige light,#DBC991,219,201,145,0,8.2,33.8,14.1
3051,Green Grey dark,#464D2E,70,77,46,9.1,0,40.3,69.8
3052,Green Grey medium,#717C54,113,124,84,8.9,0,32.3,51.4
3053,Green Grey,#8B9669,139,150,105,7.3,0,30,41.2
3064,Desert Sand,#B87359,184,115,89,0,37.5,51.6,27.8
3072,Beaver Grey very light,#C2C6BE,194,198,190,2,0,4,22.4
3078,Golden Yellow very light,#FAEB97,250,235,151,0,6,39.6,2
3325,Baby Blue light,#8EB8D8,142,184,216,34.3,14.8,0,15.3
3326,Rose light (776),#F793A6,247,147,166,0,40.5,32.8,3.1
3328,Salmon dark,#C1424B,193,66,75,0,65.8,61.1,24.3
3340,Apricot medium,#FF6647,255,102,71,0,60,72.2,0
3341,Apricot,#FF8166,255,129,102,0,49.4,60,0
3345,Hunter Green dark,#344A25,52,74,37,29.7,0,50,71
3346,Hunter Green,#4D6130,77,97,48,20.6,0,50.5,62
3347,Yellow Green medium,#6B834A,107,131,74,18.3,0,43.5,48.6
3348,Yellow Green light,#A3B86A,163,184,106,11.4,0,42.4,27.8
3350,Dusty Rose ultra dark,#9E2946,158,41,70,0,74.1,55.7,38
3354,Dusty Rose light,#E7899E,231,137,158,0,40.7,31.6,9.4
3362,Pine Green dark,#424A33,66,74,51,10.8,0,31.1,71
3363,Pine Green medium,#5B6B4A,91,107,74,15,0,30.8,58
3364,Pine Green,#89965F,137,150,95,8.7,0,36.7,41.2
3371,Black Brown,#2B2421,43,36,33,0,16.3,23.3,83.1
3607,Plum light,#BF3D8F,191,61,143,0,68.1,25.1,25.1
3608,Plum very light,#D770AD,215,112,173,0,47.9,19.5,15.7
3609,Plum ultra light,#E591CE,229,145,206,0,36.7,10,10.2
3685,Mauve dark,#6A1836,106,24,54,0,77.4,49.1,58.4
3687,Mauve,#B13D64,177,61,100,0,65.5,43.5,30.6
3688,Mauve medium,#D16987,209,105,135,0,49.8,35.4,18
3689,Mauve light,#F5ACC2,245,172,194,0,29.8,20.8,3.9
3705,Melon dark,#EE3A4D,238,58,77,0,75.6,67.6,6.7
3706,Melon medium,#FF6175,255,97,117,0,62,54.1,0
3708,Melon light,#FF889E,255,136,158,0,46.7,38,0
3712,Salmon medium,#CF575C,207,87,92,0,58,55.6,18.8
3713,Salmon very light,#FFC7C7,255,199,199,0,22,22,0
3716,Dusty Rose very light,#FE97AF,254,151,175,0,40.6,31.1,0.4
3721,Shell Pink dark,#85303A,133,48,58,0,63.9,56.4,47.8
3722,Shell Pink medium,#99444D,153,68,77,0,55.6,49.7,40
3726,Antique Mauve dark,#804653,128,70,83,0,45.3,35.2,49.8
3727,Antique Mauve light,#C9899C,201,137,156,0,31.8,22.4,21.2
3731,Dusty Rose very dark,#C1405F,193,64,95,0,66.8,50.8,24.3
3733,Dusty Rose,#E06C85,224,108,133,0,51.8,40.6,12.2
3740,Antique Violet dark,#5C3E4D,92,62,77,0,32.6,16.3,63.9
3743,Antique Violet very light,#BBA9B8,187,169,184,0,9.6,1.6,26.7
3746,Blue Violet dark,#604F9F,96,79,159,39.6,50.3,0,37.6
3747,Blue Violet very light,#ADBADF,173,186,223,22.4,16.6,0,12.5
3750,Antique Blue very dark,#23384F,35,56,79,55.7,29.1,0,69
3752,Antique Blue very light,#9DB1BD,157,177,189,16.9,6.3,0,25.9
3753,Antique Blue ultra very light,#B1C6D7,177,198,215,17.7,7.9,0,15.7
3755,Baby Blue,#6998C4,105,152,196,46.4,22.4,0,23.1
3756,Baby Blue ultra very light,#DDEDF3,221,237,243,9.1,2.5,0,4.7
3760,Wedgewood (806),#2C6F99,44,111,153,71.2,27.5,0,40
3761,Sky Blue light,#8EC4D8,142,196,216,34.3,9.3,0,15.3
3765,Very Dark Peacock Blue,#005879,0,88,121,100,27.3,0,52.5
3766,Peacock Blue light,#58A2B9,88,162,185,52.4,12.4,0,27.5
3768,Grey Green dark,#425B61,66,91,97,32,6.2,0,62
3770,Tawny very light,#FFE6C9,255,230,201,0,9.8,21.2,0
3771,Terra Cotta ultra very light,#DF9B7B,223,155,123,0,30.5,44.8,12.5
3772,Desert Sand very dark,#935A4B,147,90,75,0,38.8,49,42.4
3774,Desert Sand very light,#E9BEA6,233,190,166,0,18.5,28.8,8.6
3776,Mahogany light,#BD5F36,189,95,54,0,49.7,71.4,25.9
3777,Terra Cotta very dark,#822529,130,37,41,0,71.5,68.5,49
3778,Terra Cotta light,#C1695A,193,105,90,0,45.6,53.4,24.3
3779,Terra Cotta ultra very light,#E8A492,232,164,146,0,29.3,37.1,9
3781,Mocha Brown dark,#503D2E,80,61,46,0,23.7,42.5,68.6
3782,Mocha Brown light,#AC9278,172,146,120,0,15.1,30.2,32.5
3787,Brown Grey dark,#50473D,80,71,61,0,11.2,23.7,68.6
3790,Beige Grey ultra dark,#614D3D,97,77,61,0,20.6,37.1,62
3799,Pewter Grey very dark,#303438,48,52,56,14.3,7.1,0,78
3801,Christmas Red light,#E02338,224,35,56,0,84.4,75,12.2
3802,Antique Mauve very dark,#602C36,96,44,54,0,54.2,43.7,62.4
3803,Mauve medium,#7B2544,123,37,68,0,69.9,44.7,51.8
3804,Cyclamen Pink dark,#BA1861,186,24,97,0,87.1,47.8,27.1
3805,Cyclamen Pink,#CC2B73,204,43,115,0,78.9,43.6,20
3806,Cyclamen Pink light,#E45592,228,85,146,0,62.7,36,10.6
3807,Cornflower Blue,#47548F,71,84,143,50.3,41.3,0,43.9
3808,Turquoise ultra very dark,#004757,0,71,87,100,18.4,0,65.9
3809,Turquoise very dark,#135C6D,19,92,109,82.6,15.6,0,57.3
3810,Turquoise dark,#347B8C,52,123,140,62.9,12.1,0,45.1
3811,Turquoise very light,#95C5C6,149,197,198,24.7,0.5,0,22.4
3812,Sea Green very dark,#00887C,0,136,124,100,0,8.8,46.7
3813,Blue Green light,#8CAC9D,140,172,157,18.6,0,8.7,32.5
3814,Aquamarine,#0D7163,13,113,99,88.5,0,12.4,55.7
3815,Celadon Green dark,#386A57,56,106,87,47.2,0,17.9,58.4
3816,Celadon Green,#53836F,83,131,111,36.6,0,15.3,48.6
3817,Celadon Green light,#82AB96,130,171,150,24,0,12.3,32.9
3818,Emerald Green ultra very dark,#004F36,0,79,54,100,0,31.6,69
3819,Moss Green light,#B8B738,184,183,56,0,0.5,69.6,27.8
3820,Straw dark,#D6962B,214,150,43,0,29.9,79.9,16.1
3821,Straw,#E3B044,227,176,68,0,22.5,70,11
3822,Straw light,#F0C65F,240,198,95,0,17.5,60.4,5.9
3823,Yellow ultra pale,#FEEDB4,254,237,180,0,6.7,29.1,0.4
3824,Apricot light,#FFA58D,255,165,141,0,35.3,44.7,0
3825,Pumpkin pale,#FF9A63,255,154,99,0,39.6,61.2,0
3826,Golden Brown,#9C4D25,156,77,37,0,50.6,76.3,38.8
3827,Golden Brown pale,#E19858,225,152,88,0,32.4,60.9,11.8
3828,Hazelnut Brown,#A67946,166,121,70,0,27.1,57.8,34.9
3829,Old Gold very dark,#A46C2E,164,108,46,0,34.1,72,35.7
3830,Terra Cotta,#9C3A36,156,58,54,0,62.8,65.4,38.8
3831,Raspberry dark,#A8203A,168,32,58,0,81,65.5,34.1
3832,Raspberry medium,#C63850,198,56,80,0,71.7,59.6,22.4
3833,Raspberry light,#CF556A,207,85,106,0,58.9,48.8,18.8
3834,Grape dark,#5B294A,91,41,74,0,54.9,18.7,64.3
3835,Grape medium,#714061,113,64,97,0,43.4,14.2,55.7
3836,Grape light,#A26C90,162,108,144,0,33.3,11.1,36.5
3837,Lavender ultra dark,#6C3681,108,54,129,16.3,58.1,0,49.4
3838,Lavender Blue dark,#4A5CA6,74,92,166,55.4,44.6,0,34.9
3839,Lavender Blue medium,#5B70AE,91,112,174,47.7,35.6,0,31.8
3840,Lavender Blue light,#85A3CE,133,163,206,35.4,20.9,0,19.2
3841,Baby Blue pale,#9FBCCE,159,188,206,22.8,8.7,0,19.2
3842,Wedgewood dark,#0D3E6B,13,62,107,87.9,42.1,0,58
3843,Electric Blue,#0081C7,0,129,199,100,35.2,0,22
3844,Bright Turquoise dark,#0089B2,0,137,178,100,23,0,30.2
3845,Bright Turquoise medium,#009BBE,0,155,190,100,18.4,0,25.5
3846,Bright Turquoise light,#00AFD1,0,175,209,100,16.3,0,18
3847,Teal Green dark,#00504D,0,80,77,100,0,3.7,68.6
3848,Teal Green medium,#186D6A,24,109,106,78,0,2.8,57.3
3849,Teal Green light,#44918D,68,145,141,53.1,0,2.8,43.1
3850,Bright Green dark,#00856B,0,133,107,100,0,19.5,47.8
3851,Bright Green light,#009F82,0,159,130,100,0,18.2,37.6
3852,Straw very dark,#C3801B,195,128,27,0,34.4,86.2,23.5
3853,Autumn Gold dark,#D1642C,209,100,44,0,52.2,78.9,18
3854,Autumn Gold medium,#F29347,242,147,71,0,39.3,70.7,5.1
3855,Autumn Gold light,#F9C170,249,193,112,0,22.5,55,2.4
3856,Mahogany ultra very light,#E5A472,229,164,114,0,28.4,50.2,10.2
3857,Rosewood dark,#572523,87,37,35,0,57.5,59.8,65.9
3858,Rosewood medium,#753D36,117,61,54,0,47.9,53.8,54.1
3859,Rosewood light,#B26D5C,178,109,92,0,38.8,48.3,30.2
3860,Cocoa,#6F4F4B,111,79,75,0,28.8,32.4,56.5
3861,Cocoa light,#8D6C6A,141,108,106,0,23.4,24.8,44.7
3862,Mocha Beige dark,#7C553E,124,85,62,0,31.5,50,51.4
3863,Mocha Beige medium,#92694F,146,105,79,0,28.1,45.9,42.7
3864,Mocha Beige light,#B1896F,177,137,111,0,22.6,37.3,30.6
3865,Winter White,#F7F7F0,247,247,240,0,0,2.8,3.1
3866,Mocha Brown ultra very light,#DDD1BE,221,209,190,0,5.4,14,13.3
504,Blue Green Very Light,#ACDAC1,172,218,193,21.1,0,11.5,14.5
731,Olive Green Dark,#6B580B,107,88,11,0,17.8,89.7,58
776,Pink Medium,#FCA8AD,252,168,173,0,33.3,31.3,1.2
781,Topaz Very Dark,#A25F1F,162,95,31,0,41.4,80.9,36.5
806,Peacock Blue Dark,#1D6C87,29,108,135,78.5,20,0,47.1
971,Pumpkin,#FC670D,252,103,13,0,59.1,94.8,1.2
3773,Desert Sand Medium,#CF866D,207,134,109,0,35.3,47.3,18.8
